{"filesMd5":[{"page":"/pages/index.js","md5":"ace134c262c0acea808809c3a0910cb4"},{"page":"/pages/mediator/index.js","md5":"42c5224fe5da88c8ff0fa1d1f5959c95"},{"page":"/_start/app/main.js","md5":"5c7c858a065989ac708ade746c9528d5"},{"page":"/assets/iconfont/iconfont.css","md5":"37cc22dc915fe22c5efa7ae5275553f8"},{"page":"/assets/iconfont/iconfont.eot","md5":"5b6e6977310e72c85e270cd709b05932"},{"page":"/assets/iconfont/iconfont.svg","md5":"257dac76872723cba5245713bdc5b879"},{"page":"/assets/iconfont/iconfont.ttf","md5":"6964e5a79f65797c1241eb7f6eae0adb"},{"page":"/assets/iconfont/iconfont.woff","md5":"fc1c908b0329e562f19d939cb0c02070"},{"page":"/assets/style/theme.less","md5":"837b25f15020ec31f32d26f3bc07174c"},{"page":"/assets/style/variable.less","md5":"4b1ee857e6bc311d504d60c3b71cbf07"},{"page":"/assets/img/github/banner.png","md5":"bf6a622371fe4b62964a8e12274bb347"},{"page":"/assets/img/github/diy.jpg","md5":"62ab49c34f6159c2ad49c323a6c3c24a"},{"page":"/assets/style/common/base.less","md5":"e33f9d0a237aead7d88243c4ec02467f"},{"page":"/assets/style/common/index.less","md5":"52a2abeade5d12914767b7bda3fc21ee"},{"page":"/assets/style/h5/index.less","md5":"af052368f0aa92fec9ee79a16e8c73e6"},{"page":"/assets/style/min/index.less","md5":"55776fe0de3ea5152e8b37ac391107c3"},{"page":"/assets/style/min/zanui.wxss","md5":"b8aef65773f88543eaf0768fd09614f5"},{"page":"/assets/style/pc/index.less","md5":"af052368f0aa92fec9ee79a16e8c73e6"},{"page":"/assets/style/app/android/weui.less","md5":"d41d8cd98f00b204e9800998ecf8427e"},{"page":"/assets/style/app/ios/weui.less","md5":"d41d8cd98f00b204e9800998ecf8427e"},{"page":"/assets/style/app/weex/weui.less","md5":"d41d8cd98f00b204e9800998ecf8427e"},{"page":"/assets/style/common/widget/zk-auto-form/zk-auto-form.less","md5":"d41d8cd98f00b204e9800998ecf8427e"},{"page":"/assets/style/common/widget/zk-product-item/zk-product-item.less","md5":"d41d8cd98f00b204e9800998ecf8427e"}],"android":"1.0.0","iOS":"1.0.0","appName":"zkweb","jsVersion":"ff15ba4ad297617197605dd158fa2c41","timestamp":1532388895087,"jsPath":"https://app.weex-eros.com/source"}
