{"filesMd5":[{"page":"/pages/app.js","md5":"f9969414d5204023ee0d58c289cb4838"},{"page":"/config/index.js","md5":"c24ee5db1094d9cb7779ac7a5d59c95a"},{"page":"/pages/mediator/index.js","md5":"6d2466fb4bb858c144a55effe12a849a"},{"page":"/assets/style/common/common.less","md5":"84bc6bec37698053d8d5ac5d85e98a02"},{"page":"/assets/style/h5/weui.less","md5":"eab494fab3ea3cb27cfd3547c318a127"},{"page":"/assets/style/min/weui.less","md5":"42f75f0dfdc23024fe37b3fe0dd7c873"},{"page":"/assets/style/app/android/weui.less","md5":"d41d8cd98f00b204e9800998ecf8427e"},{"page":"/assets/style/app/ios/weui.less","md5":"d41d8cd98f00b204e9800998ecf8427e"},{"page":"/assets/style/app/weex/weui.less","md5":"d41d8cd98f00b204e9800998ecf8427e"},{"page":"/assets/style/h5/base/fn.less","md5":"ca6c8964591ca47fa54b952e318dc462"},{"page":"/assets/style/h5/base/reset.less","md5":"a222d94549a7dcc37d3aee660e1ccc16"},{"page":"/assets/style/h5/icon/weui-font.less","md5":"0071808b54d84ed3b7125d4e279eb576"},{"page":"/assets/style/h5/icon/weui-icon_font.less","md5":"c5498809779778c6323e72f88f3c0460"},{"page":"/assets/style/min/base/fn.less","md5":"ed1ee340b107c1435fc6f6884c3ac5f5"},{"page":"/assets/style/min/base/reset.less","md5":"0d799197c3cb2de93916527e06103549"},{"page":"/assets/style/common/widget/zk-auto-form/zk-auto-form.less","md5":"d41d8cd98f00b204e9800998ecf8427e"},{"page":"/assets/style/common/widget/zk-product-item/zk-product-item.less","md5":"d41d8cd98f00b204e9800998ecf8427e"},{"page":"/assets/style/h5/base/mixin/mobile.less","md5":"bcbb0d9670e29f10a855175bd689ce00"},{"page":"/assets/style/h5/base/mixin/setArrow.less","md5":"e3b1ceca211f52ee3ed4c163dfb71e60"},{"page":"/assets/style/h5/base/mixin/setOnepx.less","md5":"19bd39cc3c229d241c69fb9f241b850c"},{"page":"/assets/style/h5/base/mixin/text.less","md5":"1533e9d304de3ddb185c5bf3e5aefd51"},{"page":"/assets/style/h5/base/variable/color.less","md5":"68aa3c3ef1a17a0b11bdef3108320462"},{"page":"/assets/style/h5/base/variable/global.less","md5":"ee441c05505fa787e1317365c7500406"},{"page":"/assets/style/h5/base/variable/weui-button.less","md5":"afd963d2f3c41aee27a1750ec7b8435f"},{"page":"/assets/style/h5/base/variable/weui-cell.less","md5":"9d45fc65fdf7684b0ad11072c47e3678"},{"page":"/assets/style/h5/base/variable/weui-dialog.less","md5":"a4aad8e777dec62743ba2868161cd4c0"},{"page":"/assets/style/h5/base/variable/weui-grid.less","md5":"88b723e8fd80e48f5febe32d751e4677"},{"page":"/assets/style/h5/base/variable/weui-msg.less","md5":"dc4dff6cd0f2c801360447fca7135948"},{"page":"/assets/style/h5/base/variable/weui-progress.less","md5":"420a8bd7a3dd27375914a04a5c609169"},{"page":"/assets/style/h5/widget/weui-agree/weui-agree.less","md5":"b967a5d37ae10e64a0bdcbebbbe5c55b"},{"page":"/assets/style/h5/widget/weui-animate/weui-animate.less","md5":"f56401d74a2fb2fa4856c7aa72579ce6"},{"page":"/assets/style/h5/widget/weui-cell/weui-access.less","md5":"0753a16ee10d04fff569c0e993d07ce4"},{"page":"/assets/style/h5/widget/weui-cell/weui-cell_global.less","md5":"61b3742cdd09fb6a6aaef84404c1d460"},{"page":"/assets/style/h5/widget/weui-cell/weui-cell_swiped.less","md5":"59a305a33d79d70774b8908fbd092645"},{"page":"/assets/style/h5/widget/weui-cell/weui-check.less","md5":"3179d1e49298b0710c4fbc3d87a63611"},{"page":"/assets/style/h5/widget/weui-cell/weui-form.less","md5":"f0f60e9e999ab3c445afd039c53bbc74"},{"page":"/assets/style/h5/widget/weui-cell/weui-gallery.less","md5":"78192aa50ebc6f0826b65971b0335fe3"},{"page":"/assets/style/h5/widget/weui-cell/weui-switch.less","md5":"d25051c9b2c322259069ad222ed0bfaa"},{"page":"/assets/style/h5/widget/weui-cell/weui-uploader.less","md5":"869009bbaa963ddffc01179ace26940c"},{"page":"/assets/style/h5/widget/weui-flex/weui-flex.less","md5":"2a3947f1593e2248cee905885b7184f6"},{"page":"/assets/style/h5/widget/weui-footer/weui-footer.less","md5":"f348fc2152975e49443cea0783d6e5b7"},{"page":"/assets/style/h5/widget/weui-button/weui-btn_default.less","md5":"daed2f83fd541cf8c124cc2907933445"},{"page":"/assets/style/h5/widget/weui-button/weui-btn_disabled.less","md5":"77c2fd3641e4ed0f2e47cb97f7831ebf"},{"page":"/assets/style/h5/widget/weui-button/weui-btn_global.less","md5":"2f700a216d90272eb5d0e5b7a2149c5d"},{"page":"/assets/style/h5/widget/weui-button/weui-btn_loading.less","md5":"2eac882518a8ab907599eb33aa397ae6"},{"page":"/assets/style/h5/widget/weui-button/weui-btn_plain.less","md5":"50e15d07c0401e75ae433789de640860"},{"page":"/assets/style/h5/widget/weui-button/weui-btn_primary.less","md5":"e44787aec5e0e2562d989eedd99fa75e"},{"page":"/assets/style/h5/widget/weui-button/weui-btn_warn.less","md5":"db359a52bf51e74ae78e15ef4b8c080b"},{"page":"/assets/style/h5/widget/weui-button/weui-button.less","md5":"b168cdbf231c3c1f2ba10031a203fb65"},{"page":"/assets/style/h5/widget/weui-loading/weui-loading.less","md5":"2833787f7447c40431b049efed50e83e"},{"page":"/assets/style/h5/widget/weui-media-box/weui-media-box.less","md5":"df8156e5bab8ed90c024447e09bbac22"},{"page":"/assets/style/h5/widget/weui-page/weui-article.less","md5":"bbfcdc18f875bbd576c3cec0434d08f7"},{"page":"/assets/style/h5/widget/weui-page/weui-msg.less","md5":"5604965342d8bcf94bc92f8a5257da3e"},{"page":"/assets/style/h5/widget/weui-grid/weui-grid.less","md5":"596d020a4927a735fa4d65f567c0e9b9"},{"page":"/assets/style/h5/widget/weui-picker/weui-picker.less","md5":"4134008b698c8850817f9d34dd9593f2"},{"page":"/assets/style/h5/widget/weui-progress/weui-progress.less","md5":"d0c81a958e1e486b7cd929edbedfbdc4"},{"page":"/assets/style/h5/widget/weui-searchbar/weui-searchbar.less","md5":"5c879f129c69731da94f2b599818e27b"},{"page":"/assets/style/h5/widget/weui-slider/weui-slider.less","md5":"a123e44b70d482cb81d56fb7cdc58dd8"},{"page":"/assets/style/h5/widget/weui-tips/weui-actionsheet.less","md5":"147a33fc34b8836ebbd3c666df3b080a"},{"page":"/assets/style/h5/widget/weui-tips/weui-badge.less","md5":"36829b936a671217b7d395a747bdc9a1"},{"page":"/assets/style/h5/widget/weui-tips/weui-dialog.less","md5":"63a8a278a5522c6fd9214b7a43657624"},{"page":"/assets/style/h5/widget/weui-tips/weui-loadmore.less","md5":"2a65891d42fd5f521e3770458422ef7f"},{"page":"/assets/style/h5/widget/weui-tips/weui-mask.less","md5":"1c17e71c6cb9888e91ae25467e337300"},{"page":"/assets/style/h5/widget/weui-tips/weui-toast.less","md5":"a7051e26652c2daeee8b1475c1fa021c"},{"page":"/assets/style/h5/widget/weui-tab/weui-navbar.less","md5":"1915c2b0ec632356bfae5f8b8cc365f4"},{"page":"/assets/style/h5/widget/weui-tab/weui-tab.less","md5":"0c5135dd1875fcb8f5cfdce38c22a43e"},{"page":"/assets/style/h5/widget/weui-tab/weui-tabbar.less","md5":"f5b261cf906682aa3938d9641042c4ed"},{"page":"/assets/style/min/base/mixin/setArrow.less","md5":"67b036929c2fc0a16814429a5e74d82c"},{"page":"/assets/style/min/base/mixin/setOnepx.less","md5":"fc7c27a1afd2a99d6c61fa1431033408"},{"page":"/assets/style/min/base/mixin/text.less","md5":"10c86042f772129f9289299bde46a9e1"},{"page":"/assets/style/min/base/variable/color.less","md5":"5cd271b28ac6cfda32552726cf2fc79a"},{"page":"/assets/style/min/base/variable/global.less","md5":"cbf4598def48cceac2481963ceb66e2e"},{"page":"/assets/style/min/base/variable/weui-button.less","md5":"c5c0ba383faea6b282593847224b3e91"},{"page":"/assets/style/min/base/variable/weui-cell.less","md5":"4808284c9494ac37acfe5da2c774c2a0"},{"page":"/assets/style/min/base/variable/weui-dialog.less","md5":"4cfbbc021949f32d2656161540e3310b"},{"page":"/assets/style/min/base/variable/weui-grid.less","md5":"171db12c4a5e9d7cded5527adb924a09"},{"page":"/assets/style/min/base/variable/weui-msg.less","md5":"351e48c66be13a50425e93214a4b81ac"},{"page":"/assets/style/min/base/variable/weui-progress.less","md5":"e42dd37888f98a30da6cc6458aecf995"},{"page":"/assets/style/min/widget/weui-agree/weui-agree.less","md5":"ca53a90d42aea9c8850572b18a942b07"},{"page":"/assets/style/min/widget/weui-button/weui-button.less","md5":"c05a9ba01fa866fa4d9830fe2a48a638"},{"page":"/assets/style/min/widget/weui-cell/weui-access.less","md5":"86f40af68767b8896e3ba7c02a552138"},{"page":"/assets/style/min/widget/weui-cell/weui-cell.less","md5":"23fafdbfdc684bfc124327e9703b3e76"},{"page":"/assets/style/min/widget/weui-cell/weui-check.less","md5":"c58c0e7b966878691e3722a84da3d4cc"},{"page":"/assets/style/min/widget/weui-cell/weui-form.less","md5":"cfa8de69e6732856b413fad0639e7d3e"},{"page":"/assets/style/min/widget/weui-cell/weui-switch.less","md5":"8f4f921cb67ef5530106911fcd2afd5b"},{"page":"/assets/style/min/widget/weui-cell/weui-uploader.less","md5":"68d3e57dfa63ac6d653d168b0a69c9b4"},{"page":"/assets/style/min/widget/weui-flex/weui-flex.less","md5":"68271fefc1fa34baf8194eff6ab2ddfe"},{"page":"/assets/style/min/widget/weui-loading/weui-loading.less","md5":"370e73053177b2fa1233c9a283541b20"},{"page":"/assets/style/min/widget/weui-grid/weui-grid.less","md5":"754bce77f73d7ac90e8eeaa2d6b0f63a"},{"page":"/assets/style/min/widget/weui-media-box/weui-media-box.less","md5":"c1e830e2f12135916e4e948fde475bb9"},{"page":"/assets/style/min/widget/weui-page/weui-article.less","md5":"a731f80d9a5cea5dd222def6cc91171c"},{"page":"/assets/style/min/widget/weui-page/weui-msg.less","md5":"5269309e3c62a577ca491296af99c6f1"},{"page":"/assets/style/min/widget/weui-footer/weui-footer.less","md5":"1e9e171acfa11c3e8c1ba7389b2cbe7d"},{"page":"/assets/style/min/widget/weui-searchbar/weui-searchbar.less","md5":"c1454b54d758c0eca096080afcf89e4d"},{"page":"/assets/style/min/widget/weui-progress/weui-progress.less","md5":"60d6e2e469b4d65493fe3fe25997d798"},{"page":"/assets/style/min/widget/weui-panel/weui-panel.less","md5":"9a83af0ab1cee3257b4f278bd48c9f56"},{"page":"/assets/style/min/widget/weui-tips/weui-badge.less","md5":"832afa8aa0c830b358c671dc939da055"},{"page":"/assets/style/min/widget/weui-tips/weui-loadmore.less","md5":"bd71d4787f14276dd5fc4d41fbc41468"},{"page":"/assets/style/min/widget/weui-tab/weui-navbar.less","md5":"073b5ca0391b00cf49ed5792d5690057"},{"page":"/assets/style/min/widget/weui-tab/weui-tab.less","md5":"13bd17508f779bdbc690c23d4d92cd23"},{"page":"/assets/style/min/widget/weui-animate/weui-animate.less","md5":"ee810809e6329e8f40be5674d8b32660"},{"page":"/assets/style/h5/widget/weui-panel/weui-panel.less","md5":"1b28c0b411d6bfe425d9b547be4cd449"},{"page":"/assets/style/h5/widget/weui-cell/weui-check/weui-checkbox.less","md5":"beba6c51830c80f19c725f5135d941d9"},{"page":"/assets/style/h5/widget/weui-cell/weui-check/weui-check_common.less","md5":"d93453f7443cb8d7d0cb840a85d094c9"},{"page":"/assets/style/h5/widget/weui-cell/weui-check/weui-radio.less","md5":"ab0add325ed660e96c95093234512de8"},{"page":"/assets/style/h5/widget/weui-cell/weui-form/weui-form-preview.less","md5":"e28148ef21e086ae2f80482188f00e16"},{"page":"/assets/style/h5/widget/weui-cell/weui-form/weui-form_common.less","md5":"af206fa1777a78acf14e8d4d032ad26e"},{"page":"/assets/style/h5/widget/weui-cell/weui-form/weui-select.less","md5":"ee751f3655ce98fbd5bf8da6725f6a48"},{"page":"/assets/style/h5/widget/weui-cell/weui-form/weui-vcode.less","md5":"4b6e8c0fa987973ef61add6255ff81e3"},{"page":"/assets/style/min/widget/weui-cell/weui-form/weui-form-preview.less","md5":"7dc07319b086b91353aab2e6334ec31a"},{"page":"/assets/style/min/widget/weui-cell/weui-form/weui-form_common.less","md5":"3b633ff88102c28e2a840085aea7e977"},{"page":"/assets/style/min/widget/weui-cell/weui-form/weui-select.less","md5":"511604ae43ad3bbcc1c093f859bc50b3"},{"page":"/assets/style/min/widget/weui-cell/weui-form/weui-vcode.less","md5":"57b28bf3accf1930625f33340a5a987b"}],"android":"1.0.0","iOS":"1.0.0","appName":"aros-demo","jsVersion":"a91e45097bf6d08240aef39db7e71704","timestamp":1530288534295,"jsPath":"https://app.weex-eros.com/source"}
