{"filesMd5":[{"page":"/config/index.js","md5":"b9b2788ab5edb9b926c7d21e413d9739"},{"page":"/pages/app.js","md5":"7d9ea86b39b37de2ff11fa023f97bf31"},{"page":"/pages/mediator/index.js","md5":"0934f01b5d3f1403a19a1df39202a4ea"},{"page":"/assets/svg/alert1.svg","md5":"d1429837ba6230bf834b1328b3491b2f"},{"page":"/assets/svg/arrows-right.svg","md5":"47ddeda6593b7fd08e67bf768b55967f"},{"page":"/assets/svg/debt-cart.svg","md5":"5c26cd6a8bc3cae94a711114c34939db"},{"page":"/assets/svg/debt-classify .svg","md5":"038db44a70ef71ff82cfa17d0eda7261"},{"page":"/assets/svg/debt-cloud.svg","md5":"51f147510b3f27cbf0b6348eb4a5e0db"},{"page":"/assets/svg/debt-me.svg","md5":"c9311c929eb3b6e78ab5ad9ab923f202"},{"page":"/assets/svg/zk-Star.svg","md5":"637e8666b360736be4e9e70d2262ff1d"},{"page":"/assets/svg/zk-aboutus.svg","md5":"f44a759a12893808b9fe43d50d5fbb95"},{"page":"/assets/svg/zk-add.svg","md5":"b20aeda53cd1f421dd8f358de681e6e2"},{"page":"/assets/svg/zk-adduser.svg","md5":"6bbcceb6c37f2dcb3fcbee2c996088ba"},{"page":"/assets/svg/zk-alipay.svg","md5":"c2ee8e40054a427c737f8cd0baa31826"},{"page":"/assets/svg/zk-amount.svg","md5":"b3c5b02c2ed3c051146ae6a513baa088"},{"page":"/assets/svg/zk-arrowsDown.svg","md5":"d269490c18a6d35508dcd7543b9e38b5"},{"page":"/assets/svg/zk-avatar.svg","md5":"f9a63a59dc5266f764f01ec7d87a6b0a"},{"page":"/assets/svg/zk-back.svg","md5":"d72e50126519d6e1a1aa78a5f25743f7"},{"page":"/assets/svg/zk-baitiao.svg","md5":"87e18e298cc6e572edb6a2570a834ebf"},{"page":"/assets/svg/zk-bankcard.svg","md5":"cb1e376fa28cf56c3e30b4e26b2c65e3"},{"page":"/assets/svg/zk-bonus.svg","md5":"13e63c37a934df540a49f2350aa79a39"},{"page":"/assets/svg/zk-buyeraddress.svg","md5":"dd835fb5aa2c5540380608cad63ee34f"},{"page":"/assets/svg/zk-cart.svg","md5":"3c54d141882c3e95e2d6cfad71dd37a2"},{"page":"/assets/svg/zk-charity.svg","md5":"849e056bbcbdaca5699f0940326b2f0f"},{"page":"/assets/svg/zk-classification.svg","md5":"9f7a69b5f02a31bb29cda27bded58774"},{"page":"/assets/svg/zk-classify.svg","md5":"6447ff3b59258e1791a7b666dee36726"},{"page":"/assets/svg/zk-close.svg","md5":"5438be8d959e9ce4b3ed94adc471ad70"},{"page":"/assets/svg/zk-cny.svg","md5":"857d76a4adbab61ce6943ffc3a0269d1"},{"page":"/assets/svg/zk-credit.svg","md5":"a4da817a6bdef18c519c84af26d91f08"},{"page":"/assets/svg/zk-custom.svg","md5":"22f28b8001b849066d68c7d5deb213fb"},{"page":"/assets/svg/zk-digitalassets.svg","md5":"1464256edd9adbf905c213dcaf6de5d5"},{"page":"/assets/svg/zk-editor.svg","md5":"c0c1c651ba3e7200778611b46e6bac6b"},{"page":"/assets/svg/zk-equity.svg","md5":"9dce36127991977e661932c22595e3c8"},{"page":"/assets/svg/zk-eur.svg","md5":"d83a8eee05e27d53d9412305d985d778"},{"page":"/assets/svg/zk-evaluate-bad.svg","md5":"646e5e9ba00a01f80fe4e15393f7b6d4"},{"page":"/assets/svg/zk-evaluate-good.svg","md5":"c603dec4a9f9df8d2af606ec7284f32f"},{"page":"/assets/svg/zk-evaluate-middle.svg","md5":"6954b5fa5f7bffc831885cdfc5bf4634"},{"page":"/assets/svg/zk-evaluate.svg","md5":"19c8520ded7a90725dc5700f8b51f787"},{"page":"/assets/svg/zk-favorite.svg","md5":"24f719d2c7e76748b2fa7cdbbd712964"},{"page":"/assets/svg/zk-favorites.svg","md5":"68e661aa9b7137c0374c80f45561e5b4"},{"page":"/assets/svg/zk-fenrun.svg","md5":"34c2a2add341cf428370d418796c5a36"},{"page":"/assets/svg/zk-finance.svg","md5":"5b9e581f00019074fc0d11f728914d12"},{"page":"/assets/svg/zk-financebill.svg","md5":"4141904ea00eaaa266ad5fdabff533a6"},{"page":"/assets/svg/zk-fixation-phone.svg","md5":"5588c3002d21d8092f6465976221524c"},{"page":"/assets/svg/zk-footprint.svg","md5":"95142dd41bac96053f54ffc5e2680cf5"},{"page":"/assets/svg/zk-fund.svg","md5":"c7ead0b3a9356062111ea44c0251f790"},{"page":"/assets/svg/zk-gbp.svg","md5":"adbb359a28dc4c96cada5eb487b25c5e"},{"page":"/assets/svg/zk-gift.svg","md5":"a5813dc070e8e627f19923a422ccd931"},{"page":"/assets/svg/zk-goback-white.svg","md5":"35ce59bb1e3eeecc03bfa819be0f8e86"},{"page":"/assets/svg/zk-goback.svg","md5":"3fa56f3fd9d2bd7b1605de0fe0e5a88e"},{"page":"/assets/svg/zk-gs-car.svg","md5":"e39e10d0487897b5dd8c318f03a9e618"},{"page":"/assets/svg/zk-helpuser.svg","md5":"44d24de4ebcbeabd5a3fd9468a2c52a9"},{"page":"/assets/svg/zk-hkd.svg","md5":"50ef0406d42434c0e73ae63ed6c60260"},{"page":"/assets/svg/zk-home.svg","md5":"8c046de6945213a7d644b6f31e426dc7"},{"page":"/assets/svg/zk-identity.svg","md5":"3533c45dbdc10c65caceec5a4a8d3785"},{"page":"/assets/svg/zk-increment.svg","md5":"37ec83af80d3b36a21148b0a8d5592e0"},{"page":"/assets/svg/zk-index.svg","md5":"1e813a82e2ba3c83ac13e7640a118e6e"},{"page":"/assets/svg/zk-info-user.svg","md5":"36ae1949d6f486dfc299a7550ae4014d"},{"page":"/assets/svg/zk-info.svg","md5":"aac11c3ccc33a3cd903e9376ea64799c"},{"page":"/assets/svg/zk-jdpay.svg","md5":"2638c309f4796a419a21aa177224d8fa"},{"page":"/assets/svg/zk-jpy.svg","md5":"c501670628d4d50f09295cdba03aaff3"},{"page":"/assets/svg/zk-logout.svg","md5":"b11b97b1aa11a36020517ae0ad196656"},{"page":"/assets/svg/zk-me.svg","md5":"acc0f987dcb8024d2f17dff5aa146219"},{"page":"/assets/svg/zk-minus.svg","md5":"a670d55b9c050996a69bafc0caf392a6"},{"page":"/assets/svg/zk-name.svg","md5":"cce731b6e819299eb01d0e21785aeb14"},{"page":"/assets/svg/zk-nodata.svg","md5":"003c35df991a7122af52288ec8118b61"},{"page":"/assets/svg/zk-notdata.svg","md5":"c8fe1268ff4aba19a6cf98a7504f6ca7"},{"page":"/assets/svg/zk-notifyuser.svg","md5":"7e906dd1ab4f3c47db1f4dc8f34070ee"},{"page":"/assets/svg/zk-orderaddress.svg","md5":"fd3797e81da8e8357b3dbd51d8191fe0"},{"page":"/assets/svg/zk-orderdelivery.svg","md5":"ac3c0fa95d438618e2a7bbb5d7a47d7e"},{"page":"/assets/svg/zk-orderevaluation.svg","md5":"fe702ab2c4cca2f501cbb8a613e02304"},{"page":"/assets/svg/zk-ordergoods.svg","md5":"3a6197455816e854fd112fd2b6dc9794"},{"page":"/assets/svg/zk-orderlist.svg","md5":"321c5cc8dd0716056f13bf1a1a499e65"},{"page":"/assets/svg/zk-orderpayment.svg","md5":"3e3fffaa10a3fa904ecd0fd6e2f422b6"},{"page":"/assets/svg/zk-ordershare.svg","md5":"7b1cec22929928c782178880c5f3ee5c"},{"page":"/assets/svg/zk-particulars.svg","md5":"bd78a42b3863cd6836f2e4a84ff845a2"},{"page":"/assets/svg/zk-password.svg","md5":"47ec5347fe572ac9bab7e03577759cc5"},{"page":"/assets/svg/zk-paypal.svg","md5":"d0a9be089498f7ec9e09825ede5109a6"},{"page":"/assets/svg/zk-point.svg","md5":"3d1db5fe3ba3dea62ed0329822637fa3"},{"page":"/assets/svg/zk-qpay.svg","md5":"4fdb5fae5afef30139c470627584318c"},{"page":"/assets/svg/zk-qrcode.svg","md5":"06ffe066cf78f45e6a41d7855ce164ef"},{"page":"/assets/svg/zk-qrcode1.svg","md5":"ec2cda4c45bfdc373fcca8b570c3fb29"},{"page":"/assets/svg/zk-recharge.svg","md5":"ccb16c24dd4abe895761142fde2216a3"},{"page":"/assets/svg/zk-rechargebill.svg","md5":"9e3d45e129adfb77810087883c6987f5"},{"page":"/assets/svg/zk-recommend.svg","md5":"7d7461d79dc5aef316136edb7434d1ae"},{"page":"/assets/svg/zk-recuser.svg","md5":"2fe3bfb862b4e7f2d9e635bcd3a926fd"},{"page":"/assets/svg/zk-redpacket.svg","md5":"54d8341e89963b809639aed21fec6896"},{"page":"/assets/svg/zk-region.svg","md5":"33fbb492c5a2519d4fc11ebb75d2fda1"},{"page":"/assets/svg/zk-remove.svg","md5":"061875386e2519eedc8db8031310febe"},{"page":"/assets/svg/zk-renzheng.svg","md5":"9ac35e4df2ddfdbcf94f5e2efca6d99f"},{"page":"/assets/svg/zk-return.svg","md5":"6a89bad67844b008a6f30bbf4f6ab03c"},{"page":"/assets/svg/zk-right.svg","md5":"7eba3997333b3f0029e727da801f2b32"},{"page":"/assets/svg/zk-safepassword.svg","md5":"a943921d0928ce2f81d862d76e9651b7"},{"page":"/assets/svg/zk-search.svg","md5":"a5055d4ed6c765334e48e3906c76d8b3"},{"page":"/assets/svg/zk-security.svg","md5":"5bce5009e3ecc6e151adff765480a715"},{"page":"/assets/svg/zk-seek.svg","md5":"991808c78e6b765bc2a1cf47b66dbe6c"},{"page":"/assets/svg/zk-service .svg","md5":"e596bcbf9e8ace381de581b14259755a"},{"page":"/assets/svg/zk-service.svg","md5":"6816fe0bcefb040244cca5e528c01cff"},{"page":"/assets/svg/zk-setting.svg","md5":"3ea14e05421fefa0f8802ee6c4a3397a"},{"page":"/assets/svg/zk-sex.svg","md5":"c48599d84751a2d7e8ec66265d71e998"},{"page":"/assets/svg/zk-sharedaccount.svg","md5":"fdedaef3ae33c7808d6a081501e3e9fc"},{"page":"/assets/svg/zk-shopping.svg","md5":"6a32a81e1b1f3f0bfaf6a4fbd15bf175"},{"page":"/assets/svg/zk-success.svg","md5":"f4abe05ecd3791268dea465ba43e5050"},{"page":"/assets/svg/zk-test.svg","md5":"ed8769298220b35c9febe8afc87d5c97"},{"page":"/assets/svg/zk-topsearch.svg","md5":"3e37cc782939c252fd8e3f32bf75e997"},{"page":"/assets/svg/zk-transfer.svg","md5":"1e6dfa246e7a26bdf1be3b51d97f456a"},{"page":"/assets/svg/zk-transferbill.svg","md5":"1d9f9c4afaa5cb8c3b50c27ab4d3d661"},{"page":"/assets/svg/zk-tree.svg","md5":"78d049e0282c28902a2e53b44f58a40d"},{"page":"/assets/svg/zk-trumpet.svg","md5":"f1ab5e24c660a2eda6f188a99f1b59a5"},{"page":"/assets/svg/zk-unionpay.svg","md5":"789132c23421ac2c94cf8d3bda7e4880"},{"page":"/assets/svg/zk-upgradepoints.svg","md5":"d5bf162f443af0db5d032c6cc5562165"},{"page":"/assets/svg/zk-usd.svg","md5":"cc997a83f7ff2bd937ee94a495e6ec8d"},{"page":"/assets/svg/zk-userfeedback.svg","md5":"d7ead6371d48f2750ace0fcf37f795f3"},{"page":"/assets/svg/zk-virtual.svg","md5":"8c4414dd602a372efe7299971676494f"},{"page":"/assets/svg/zk-voucher.svg","md5":"827532335720f2f074cea9f4689c1482"},{"page":"/assets/svg/zk-vx.svg","md5":"f5eabd750def2eec9b4efe6669fb3e23"},{"page":"/assets/svg/zk-warm.svg","md5":"984d4356a7cd1823d3ffe0572661a529"},{"page":"/assets/svg/zk-warning.svg","md5":"38275969e5bd966febba12e84ab4b46e"},{"page":"/assets/svg/zk-wechatpay.svg","md5":"49eba749f999c007c87e662786f7c48f"},{"page":"/assets/svg/zk-weixin01.svg","md5":"a023e065427e1bb35a316b451739d4a5"},{"page":"/assets/svg/zk-withdraw.svg","md5":"99d57607c22717fcceba78336e18eb97"},{"page":"/assets/svg/zk-withdrawal.svg","md5":"b314f4003305135e5a7c80d5e4abf138"},{"page":"/assets/svg/zk-withdrawbill.svg","md5":"4da355f545e658649a18d79edd8d9c5e"},{"page":"/assets/svg/zk-yeepay.svg","md5":"5d0e787f7eae5e68d14e11cb56cf85bf"},{"page":"/assets/svg/zkadd.svg","md5":"b20aeda53cd1f421dd8f358de681e6e2"},{"page":"/assets/svg/zkui-cart_ok.svg","md5":"242fc6d0eda600bdc501ae5dcc850840"},{"page":"/assets/style/common/common.less","md5":"55a491f50ed791da3931ab9a15b66d02"},{"page":"/assets/style/h5/weui.less","md5":"25cdf45215cec1f098e665c2e28efddb"},{"page":"/assets/style/min/weui.less","md5":"df06cc19f9598618885bd314063cf8bd"},{"page":"/assets/style/app/android/weui.less","md5":"d41d8cd98f00b204e9800998ecf8427e"},{"page":"/assets/style/app/ios/weui.less","md5":"d41d8cd98f00b204e9800998ecf8427e"},{"page":"/assets/style/app/weex/weui.less","md5":"d41d8cd98f00b204e9800998ecf8427e"},{"page":"/assets/style/h5/base/fn.less","md5":"27830913e40c6e67996de12e8a6936b2"},{"page":"/assets/style/h5/base/reset.less","md5":"ee8f43f5ded3bdb0659e983ea6f73d35"},{"page":"/assets/style/h5/icon/weui-font.less","md5":"892ff4b853ab4cde088d2622edd43525"},{"page":"/assets/style/h5/icon/weui-icon_font.less","md5":"aa4d5fe58cbb681ffa84193035d26ec2"},{"page":"/assets/style/min/base/fn.less","md5":"dd808de201ba0efb00e9a78257a8a63a"},{"page":"/assets/style/min/base/reset.less","md5":"11e36093481ebd855ef77690a8e7c29a"},{"page":"/assets/style/common/widget/zk-auto-form/zk-auto-form.less","md5":"d41d8cd98f00b204e9800998ecf8427e"},{"page":"/assets/style/common/widget/zk-product-item/zk-product-item.less","md5":"d41d8cd98f00b204e9800998ecf8427e"},{"page":"/assets/style/h5/base/mixin/mobile.less","md5":"1d9714786f66ef8792ed6e1443575948"},{"page":"/assets/style/h5/base/mixin/setArrow.less","md5":"48b784eda208f6e7b9fc85bc7dc780fb"},{"page":"/assets/style/h5/base/mixin/setOnepx.less","md5":"d5e5c842bcab1a75faeb732fd05da2d7"},{"page":"/assets/style/h5/base/mixin/text.less","md5":"af72b311b53a2b8ea9c853dd4da16c9b"},{"page":"/assets/style/h5/base/variable/color.less","md5":"553ee4aca618083649a925eb5db80218"},{"page":"/assets/style/h5/base/variable/global.less","md5":"1ba2068b36e20db42597239401736897"},{"page":"/assets/style/h5/base/variable/weui-button.less","md5":"5bff910589b45d2bddcdd34291821a38"},{"page":"/assets/style/h5/base/variable/weui-cell.less","md5":"cc8dc62faa563b9b2612f4bdd740da80"},{"page":"/assets/style/h5/base/variable/weui-dialog.less","md5":"091ddee297557da01eaea4681fb2c9c7"},{"page":"/assets/style/h5/base/variable/weui-grid.less","md5":"57248ae5f92f78195054436019e523ab"},{"page":"/assets/style/h5/base/variable/weui-msg.less","md5":"bdf7a9a404bbada454782abd60f84448"},{"page":"/assets/style/h5/base/variable/weui-progress.less","md5":"a3c46a50d7f1867371cdd417d4f1f485"},{"page":"/assets/style/h5/widget/weui-agree/weui-agree.less","md5":"51c71748a0b44abde7cf28b78bb52a08"},{"page":"/assets/style/h5/widget/weui-animate/weui-animate.less","md5":"26e79824cad86a4d0d563ee94fab110f"},{"page":"/assets/style/h5/widget/weui-button/weui-btn_default.less","md5":"f084b405c31070ef152aef4b8a5cd9c7"},{"page":"/assets/style/h5/widget/weui-button/weui-btn_disabled.less","md5":"d73a155e7d2ae498a40fae2869fd67f6"},{"page":"/assets/style/h5/widget/weui-button/weui-btn_global.less","md5":"f8816530427c9431a6a6a5d048f296f9"},{"page":"/assets/style/h5/widget/weui-button/weui-btn_loading.less","md5":"35bd73da15f31807beaa89bdab9c793c"},{"page":"/assets/style/h5/widget/weui-button/weui-btn_plain.less","md5":"f9f6d95b3cfc0a13f77185bba38a5cbb"},{"page":"/assets/style/h5/widget/weui-button/weui-btn_primary.less","md5":"7d099ac7f866be7732582e0f6d32de63"},{"page":"/assets/style/h5/widget/weui-button/weui-btn_warn.less","md5":"cf399b67a1b2fa7d1a1dbb4810d97f8e"},{"page":"/assets/style/h5/widget/weui-button/weui-button.less","md5":"baba7c81b74444ceb4cdbbdd1f2f1787"},{"page":"/assets/style/h5/widget/weui-cell/weui-access.less","md5":"96d393e7aaa076fd1a5594653be341ea"},{"page":"/assets/style/h5/widget/weui-cell/weui-cell_global.less","md5":"72b5b149e60aa51c09b7f951eb95c1c8"},{"page":"/assets/style/h5/widget/weui-cell/weui-cell_swiped.less","md5":"5e051eab6535e3b4c13f89c4a6f82b5f"},{"page":"/assets/style/h5/widget/weui-cell/weui-check.less","md5":"6bade45051d35c3a2e41665c16cd60f0"},{"page":"/assets/style/h5/widget/weui-cell/weui-form.less","md5":"ddfc39e5fce64fe3c5d2189903268525"},{"page":"/assets/style/h5/widget/weui-cell/weui-gallery.less","md5":"73e56d74be9072b38430b5b65ab25fa8"},{"page":"/assets/style/h5/widget/weui-cell/weui-switch.less","md5":"19cd5d74df219c3b641a71f8c1a91c4b"},{"page":"/assets/style/h5/widget/weui-cell/weui-uploader.less","md5":"7b80d8fb89adaf0917d0071b3c2a47d8"},{"page":"/assets/style/h5/widget/weui-flex/weui-flex.less","md5":"2ed0517c1e4751c87d64c27efbc04668"},{"page":"/assets/style/h5/widget/weui-footer/weui-footer.less","md5":"c55fd37a5a0712119021d86ce2304907"},{"page":"/assets/style/h5/widget/weui-grid/weui-grid.less","md5":"85eebc265df5e0bec736ef731ccc9bbc"},{"page":"/assets/style/h5/widget/weui-loading/weui-loading.less","md5":"8dd87164ccd9fa5257eae1189923a3cf"},{"page":"/assets/style/h5/widget/weui-media-box/weui-media-box.less","md5":"29f6fed7a54b159916ca93f9dd44a47d"},{"page":"/assets/style/h5/widget/weui-page/weui-article.less","md5":"18d9361015d82c36e5f44a994029adb9"},{"page":"/assets/style/h5/widget/weui-page/weui-msg.less","md5":"5622594ff3462a27f688c06636c44cf8"},{"page":"/assets/style/h5/widget/weui-panel/weui-panel.less","md5":"500e4cf824e873e5c770793546c5645f"},{"page":"/assets/style/h5/widget/weui-picker/weui-picker.less","md5":"af773651f3afdca22f275a2b44c698be"},{"page":"/assets/style/h5/widget/weui-progress/weui-progress.less","md5":"48f8662880f9a099c6528cfaa49ce86e"},{"page":"/assets/style/h5/widget/weui-searchbar/weui-searchbar.less","md5":"71c1df63d8148b623e9ab699227d97fa"},{"page":"/assets/style/h5/widget/weui-slider/weui-slider.less","md5":"fcd3935f4a8448023cfb798eb7b71094"},{"page":"/assets/style/h5/widget/weui-tab/weui-navbar.less","md5":"e13af21c4303c91838fb4fb8c46955f4"},{"page":"/assets/style/h5/widget/weui-tab/weui-tab.less","md5":"93fa866a04a151a4c766e520d9749868"},{"page":"/assets/style/h5/widget/weui-tab/weui-tabbar.less","md5":"22f37ff7a8d1da377c98bff4d58abcae"},{"page":"/assets/style/h5/widget/weui-tips/weui-actionsheet.less","md5":"a3fff1085633b6fc9e6d20331d5e24ab"},{"page":"/assets/style/h5/widget/weui-tips/weui-badge.less","md5":"8c803d548fcc329bee1542a248c7a55e"},{"page":"/assets/style/h5/widget/weui-tips/weui-dialog.less","md5":"04ce08af68e9af5d251b98465a67341e"},{"page":"/assets/style/h5/widget/weui-tips/weui-loadmore.less","md5":"372fee9f9a1873decfc9eada459c1149"},{"page":"/assets/style/h5/widget/weui-tips/weui-mask.less","md5":"3beb03544bc1dfb34fbb499629d5ba65"},{"page":"/assets/style/h5/widget/weui-tips/weui-toast.less","md5":"b40f05074bb61c21558ed206caa66e8c"},{"page":"/assets/style/min/base/mixin/setArrow.less","md5":"33d70ff9b0e03339ba40bf6e821f8ca4"},{"page":"/assets/style/min/base/mixin/setOnepx.less","md5":"095494837e80013ddd4be92df07fd644"},{"page":"/assets/style/min/base/mixin/text.less","md5":"ede24db379f5b6b0bed909da61d877ac"},{"page":"/assets/style/min/base/variable/color.less","md5":"2e00a929473c54ca0bb160283bc45b63"},{"page":"/assets/style/min/base/variable/global.less","md5":"6ca169bad2e2c7e920167a9e17e295ed"},{"page":"/assets/style/min/base/variable/weui-button.less","md5":"b530508c279f3ad40da008fb11006726"},{"page":"/assets/style/min/base/variable/weui-cell.less","md5":"b947b7710bcd9ba75e0bc2aa4d4398d7"},{"page":"/assets/style/min/base/variable/weui-dialog.less","md5":"117e4374f2e631fb77a3e76c4b8040ef"},{"page":"/assets/style/min/base/variable/weui-grid.less","md5":"8d259c78f632b7c693890dfb64742d42"},{"page":"/assets/style/min/base/variable/weui-msg.less","md5":"ac54d9f5c63c512b26e123baf450f23b"},{"page":"/assets/style/min/base/variable/weui-progress.less","md5":"d7e7d61f6e85bf11cb96dca38604ec4c"},{"page":"/assets/style/min/widget/weui-agree/weui-agree.less","md5":"65de764129f46c0f5aca1341d90af6a0"},{"page":"/assets/style/min/widget/weui-animate/weui-animate.less","md5":"1f3088a0ec05b00f2726fb14ac743d72"},{"page":"/assets/style/min/widget/weui-button/weui-button.less","md5":"31a3cf67c2f8d5110cd7c382a8f41ad8"},{"page":"/assets/style/min/widget/weui-cell/weui-access.less","md5":"d9d033caee2d0ef67dbd47cb65527936"},{"page":"/assets/style/min/widget/weui-cell/weui-cell.less","md5":"627043f38ec04417faa192dcfd698c1f"},{"page":"/assets/style/min/widget/weui-cell/weui-check.less","md5":"0e571fa08cada5a4349ccaef40579907"},{"page":"/assets/style/min/widget/weui-cell/weui-form.less","md5":"46b6bc917a7f234bf0ab323ee6172653"},{"page":"/assets/style/min/widget/weui-cell/weui-switch.less","md5":"1fa029c6873f53a2266d38aad75629d9"},{"page":"/assets/style/min/widget/weui-cell/weui-uploader.less","md5":"59eca520ef5941e1dd6c6f85f6c71d63"},{"page":"/assets/style/min/widget/weui-flex/weui-flex.less","md5":"ea7f06b97f24f0fce3aaa363472e6a23"},{"page":"/assets/style/min/widget/weui-footer/weui-footer.less","md5":"fa9dc3daca72c7fd80bd239b1768322f"},{"page":"/assets/style/min/widget/weui-grid/weui-grid.less","md5":"2eefa54cecd25f5eee3dc309f4ceeeb5"},{"page":"/assets/style/min/widget/weui-loading/weui-loading.less","md5":"3eb72ac7fb4fd14bb02b6164c7e762b5"},{"page":"/assets/style/min/widget/weui-media-box/weui-media-box.less","md5":"65f491064b30375960703d88dbe18dd6"},{"page":"/assets/style/min/widget/weui-page/weui-article.less","md5":"29cafc00d8d30c7f7c3ee2998ebf6a71"},{"page":"/assets/style/min/widget/weui-page/weui-msg.less","md5":"fcea47f132f88f8bd158054dab39bcd3"},{"page":"/assets/style/min/widget/weui-panel/weui-panel.less","md5":"9a04a0829be9a1f00cb78dc436732986"},{"page":"/assets/style/min/widget/weui-progress/weui-progress.less","md5":"c4dffbd41ac542487692711f7b2a8cf9"},{"page":"/assets/style/min/widget/weui-searchbar/weui-searchbar.less","md5":"1c5fd8a7e2bbfd1c8c835c183df8431a"},{"page":"/assets/style/min/widget/weui-tab/weui-navbar.less","md5":"9dd42472ba24d52cefab74c62e608fda"},{"page":"/assets/style/min/widget/weui-tab/weui-tab.less","md5":"b69c8e2b63e833e5bb36f20303e65793"},{"page":"/assets/style/min/widget/weui-tips/weui-badge.less","md5":"7f85331d494ff7bea8f1a73dc2c06b2e"},{"page":"/assets/style/min/widget/weui-tips/weui-loadmore.less","md5":"dc41a4f72454b42fb0b1c601ea4416f1"},{"page":"/assets/style/h5/widget/weui-cell/weui-check/weui-check_common.less","md5":"adf5d2d80332aa1cec567f8cdb7fb1c4"},{"page":"/assets/style/h5/widget/weui-cell/weui-check/weui-checkbox.less","md5":"8b5521cb2dc72fc3d15f8667ad18cbe2"},{"page":"/assets/style/h5/widget/weui-cell/weui-check/weui-radio.less","md5":"39f7fc48d1f52d3d28276ce3e990347b"},{"page":"/assets/style/h5/widget/weui-cell/weui-form/weui-form-preview.less","md5":"f148bc3e1fe3f125611c1e6294e36550"},{"page":"/assets/style/h5/widget/weui-cell/weui-form/weui-form_common.less","md5":"1ad848e574dd5a293c1e0f349f72ffe5"},{"page":"/assets/style/h5/widget/weui-cell/weui-form/weui-select.less","md5":"a247a8ebcae01ee002cfec089f1f4077"},{"page":"/assets/style/h5/widget/weui-cell/weui-form/weui-vcode.less","md5":"4bf2b05de0d08a1ae10a36a78a38d069"},{"page":"/assets/style/min/widget/weui-cell/weui-form/weui-form-preview.less","md5":"2f711ac0b5a9e95aedbeb5b1224f445c"},{"page":"/assets/style/min/widget/weui-cell/weui-form/weui-form_common.less","md5":"69baab981bc0063765105c97c523cf49"},{"page":"/assets/style/min/widget/weui-cell/weui-form/weui-select.less","md5":"3b1b4743698bdca777006e092eb3b4f8"},{"page":"/assets/style/min/widget/weui-cell/weui-form/weui-vcode.less","md5":"85fb1fe38d23e84bf5a4261849f0921b"}],"android":"1.0.0","iOS":"1.0.0","appName":"aros-demo","jsVersion":"db78d16c28bbc05a1dbe02b94e0aea50","timestamp":1530331312268,"jsPath":"https://app.weex-eros.com/source"}
